{
  "accuracy": 100.0,
  "model_size_mb": 1.805130958557129,
  "inference_time_ms": 0.7594715465198864,
  "fps": 1316.7050228310502
}